,City,Country,Latitude,Longitude,Date,Cloudiness,Humidity,Max Temp,Wind Speed
0,san carlos de bariloche,ar,-40.47491496813262,-69.57671454709259,1557302400,90,76,33.8,2.37
1,ushuaia,ar,-76.55644645952032,-46.91871759777817,1557302400,0,52,42.8,2.24
2,tarko-sale,ru,63.976086680030505,79.569872847363,1557304322,84,64,34.27,15.75
3,atuona,pf,-6.797726633195623,-133.1040012776217,1557304451,18,78,82.87,14.09
4,pinotepa nacional,mx,14.280424510298715,-98.87603570702925,,,,,
5,yellowknife,ca,79.87271118959762,-108.6119262671813,1557304365,20,59,35.6,9.17
6,amderma,ru,76.3005958646466,59.227189179251866,,,,,
7,itoman,jp,22.810698750567525,129.11020506235246,1557302400,75,61,78.8,12.75
8,albany,au,-62.943767019737464,124.79124410906792,1557302400,40,59,60.8,14.99
9,barabinsk,ru,55.24865202254557,78.33729333353995,1557304452,32,19,83.95,11.05
10,bargal,so,11.577874403478347,57.33193934253609,,,,,
11,portoferraio,it,41.975188529970296,10.487626419479739,1557304392,20,67,70,12.75
12,cabo san lucas,mx,10.68746666859326,-118.55944521999189,1557304260,0,81,69.01,14.03
13,cape town,za,-59.86640210926406,-5.428906393987859,1557304305,75,93,63,8.05
14,roma,au,-27.18494755618812,144.63595521564298,1557304453,0,33,63.79,6.67
15,punta arenas,cl,-60.62581720499392,-99.0521981348287,1557304387,40,86,39.2,12.75
16,samalaeulu,ws,-5.497084915478268,-167.3803859170776,,,,,
17,jati,id,-6.3807302994309225,110.96739357653183,1557302400,40,70,87.8,9.17
18,temryuk,ru,45.44330403566758,37.48446707599504,1557302400,75,93,62.6,6.71
19,ilulissat,gl,87.37152693748999,-41.70857860203003,1557301800,0,66,32,7.54
20,qaanaaq,gl,74.10491272164214,-88.97343236538308,1557304455,99,92,29.23,1.81
21,rikitea,pf,-31.039935366204475,-122.21609481538957,1557304455,18,81,76.39,13.76
22,saint-michel-des-saints,ca,47.4235372383481,-73.93718961336745,1557304455,0,90,24.37,3.89
23,cherskiy,ru,82.84512748243216,161.61334173120974,1557304455,100,99,33.19,4.36
24,vurnary,ru,55.67221612733948,46.997976216752676,1557304456,0,47,75.31,4.97
25,kodiak,us,44.17486497719065,-161.6161772211031,1557304422,90,100,57.2,12.75
26,chiang rai,th,19.868117579621156,100.15907836313664,1557304287,20,27,105.01,5.82
27,nokha,in,27.229649184122067,73.04792147248094,1557304456,0,9,107.71,16.46
28,isangel,vu,-18.290765422973138,176.50119929014204,1557304456,100,84,78.73,22.26
29,mataura,pf,-43.54474827853897,-156.60084876246322,,,,,
30,sarab,ir,38.21532441104739,47.459522116930145,1557304457,19,36,57.85,10.54
31,lebedyn,ua,49.07683835316877,31.342531341288975,1557304457,99,79,60.01,3.6
32,hilo,us,27.024763852581373,-144.84967182831588,1557304447,90,78,71.6,3.36
33,taolanaro,mg,-65.01981607661975,59.77753131263083,,,,,
34,busselton,au,-78.11962414799595,84.31069023950562,1557304272,0,49,66.99,5.01
35,tome-acu,br,-3.336600365772469,-48.43242478393432,,,,,
36,san quintin,mx,23.35379016187848,-124.07435758382073,,,,,
37,mahebourg,mu,-41.413426143908126,75.50558408981516,1557304446,75,69,82.4,14.99
38,new norfolk,au,-83.8692308871612,122.66287060067287,1557304454,75,58,57.2,8.05
39,shache,cn,39.29103668037155,78.781251581383,1557304459,0,12,74.95,7.87
40,tuntum,br,-5.325074294354181,-44.59174689325263,1557304459,100,90,72.97,1.9
41,strezhevoy,ru,61.6494843394654,78.92438627845922,1557302400,0,42,44.6,11.18
42,pevek,ru,86.26099318616392,171.0122567968093,1557304459,0,77,22.39,6.6
43,bluff,nz,-71.78254844496047,157.44347173598072,1557304208,1,91,51.01,9.73
44,hermanus,za,-62.75436276059123,4.575233672522813,1557304305,45,71,66,5.99
45,sobolevo,ru,54.83516430465002,155.92591405122562,1557304460,100,89,42.37,12.21
46,souillac,mu,-32.343459123474936,62.56892025078952,1557304446,75,69,82.4,14.99
47,vao,nc,-25.401422498726106,166.373801170783,1557304460,17,86,76.39,16.82
48,dikson,ru,76.230935869387,86.40636684433576,1557304461,77,88,22.21,14.09
49,barentsburg,sj,86.18415172010958,-4.024800688394521,,,,,
50,meyungs,pw,12.741195573357444,132.33096199944146,,,,,
51,talnakh,ru,73.57770801050907,88.51275984253232,1557302400,75,85,19.4,8.95
52,umm lajj,sa,25.796293768073397,38.340971493824924,1557304466,0,67,78.19,22.73
53,mount gambier,au,-58.027471848354935,127.72255770133478,1557302400,75,76,51.8,8.05
54,hobart,au,-68.58655211270901,137.82891840210817,1557304454,75,58,57.2,8.05
55,viedma,ar,-45.23302764938997,-58.70912072541854,1557304467,100,75,53.53,10.8
56,olinda,br,-9.611721950688107,-24.665757034408756,1557304273,90,94,75.2,6.93
57,korla,cn,42.282307068363025,85.58847395917576,1557304468,98,31,51.37,1.43
58,manacapuru,br,-3.206332183506049,-60.75426821581277,1557302400,0,94,77,1.25
59,bolungarvik,is,67.30388275294004,-21.809427403893068,,,,,
60,saint-philippe,re,-55.77323146077142,65.08660290401667,1557303914,0,58,84.2,25.28
61,nikolskoye,ru,36.66972159691424,176.49115424594288,1557304425,40,53,50,4.47
62,port elizabeth,za,-85.67191027536812,32.2565802891574,1557302400,0,88,62.6,16.11
63,mangai,cd,-3.420158078111058,18.908495529878223,1557304469,30,41,93.31,3.33
64,pulaski,us,36.5996792539588,-81.01206825077874,1557304373,40,100,60.8,3.04
65,labytnangi,ru,69.06458049528115,67.13189159872482,1557304469,93,91,26.17,5.97
66,lebu,cl,-31.48030069677869,-100.64719669452316,1557304470,0,84,56.05,19.84
67,wahran,dz,33.794631780944854,-1.0545124558106238,,,,,
68,jamestown,sh,-46.64171792706196,-13.425100481446492,1557304470,90,81,72.61,19.06
69,ponta delgada,pt,32.08516317626129,-28.580375471873708,1557302400,75,100,62.6,16.11
70,tuatapere,nz,-50.8141803152317,161.31347942867802,1557304208,1,91,51.01,11.97
71,king city,us,35.78544534411739,-121.14257067730823,1557304215,90,71,57.2,5.82
72,valparaiso,cl,-32.11841471161907,-76.01680664395143,1557302400,90,93,51.8,12.77
73,teguise,es,31.0519330610838,-12.345933174467092,1557302400,20,72,68,17.22
74,port lincoln,au,-40.62472832265959,131.75475975399803,1557304471,99,74,61.81,21.43
75,mamakan,ru,57.59934431343632,113.72981121694357,1557304471,98,58,39.67,6.15
76,tagusao,ph,11.050647066356362,116.57469117424637,1557304472,99,76,86.11,10.71
77,nizhniy kuranakh,ru,59.98366653456341,124.46670326198335,1557304472,91,50,44.17,5.32
78,naze,jp,22.964455445284912,138.39124152733115,1557302400,75,73,71.6,17.22
79,marawi,sd,17.711764351173457,31.889335954507146,1557304472,0,10,105.73,21.18
80,malwan,in,15.81948120082339,73.07341628343505,,,,,
81,ixtapa,mx,2.0252200461290357,-108.88443406850296,1557303917,5,94,71.01,7.99
82,sinnamary,gf,12.526972154303706,-49.35274065027849,1557304473,81,83,81.07,16.31
83,troitsko-pechorsk,ru,62.36683456803709,56.199322818120095,1557304473,2,52,58.57,10.6
84,illoqqortoormiut,gl,87.3598537166973,-21.338036655999502,,,,,
85,chuy,uy,-40.65892214150834,-46.67946095512747,1557304473,100,69,64.87,10.49
86,la celia,co,5.008133844420101,-75.99150713425374,1557304203,100,82,71.53,2.77
87,malpe,in,12.949461488684193,73.25449857344486,1557302400,40,59,91.4,13.87
88,kushima,jp,29.329417027558947,131.71453091449018,1557304386,75,68,69.8,8.05
89,kaitangata,nz,-89.0877027911871,179.1557642427719,1557304454,93,89,54,4
90,bandarbeyla,so,7.966986504872523,56.723720666803615,1557304475,53,40,93.13,10.54
91,talaya,ru,61.854073259769876,153.41101584154825,1557304225,20,42,68,11.18
92,lazaro cardenas,mx,13.117625062857527,-104.96906366248459,1557304475,0,38,58.75,6.6
93,dunedin,nz,-48.72984810069404,171.84732025328265,1557303958,90,91,54,8.01
94,mecca,sa,22.573481703472495,43.05568717476345,1557304475,0,24,99.07,7.14
95,nueve de julio,ar,-35.731509082075846,-61.17372020404687,1557304476,22,83,59.83,4.61
96,kapaa,us,22.496729181902168,-179.15615196374063,1557304402,40,83,71.6,4.7
97,torbay,ca,39.240927056800075,-43.06238526099105,1557304408,90,100,36,4.7
98,homer,us,60.678562672082506,-154.21299822338344,1557304336,90,75,44.6,3.36
99,caceres,br,-16.37072443087689,-57.46760624871597,,,,,
100,hillsborough,gd,12.669535409405654,-61.99658146053824,,,,,
101,ponta do sol,pt,33.635843700349966,-18.418694439194752,1557304086,20,64,68,10.6
102,beloha,mg,-30.688464734868155,40.434645425973684,1557304482,17,56,77.47,16.89
103,marquette,us,47.543437636971845,-88.23747358044274,1557304300,1,68,28.4,3.36
104,colares,pt,38.500323858519835,-11.293668273261517,1557304410,75,93,62.01,11.41
105,the pas,ca,54.502474369297516,-100.32844258724977,1557302400,90,86,33.8,11.41
106,kavieng,pg,-1.5378370020003729,151.2213907472762,1557304483,100,77,82.15,12.12
107,ahipara,nz,-34.38122881244303,170.94122278313392,1557304482,34,100,61,15.5
108,ambilobe,mg,-11.02853343140012,49.12743116875319,1557304483,100,53,89.17,12.26
109,lagoa,pt,50.05193833434669,-33.06174929393086,1557304289,75,88,64.99,9.17
110,guerrero negro,mx,17.930541996963314,-128.35111310968642,1557304484,13,84,61.45,16.22
111,belushya guba,ru,86.05636774160712,55.20402530384544,,,,,
112,mys shmidta,ru,86.42303390205268,-178.80254463278402,,,,,
113,esperance,au,-35.68152790835053,125.43957601425234,1557302400,90,63,60.8,19.46
114,marcona,pe,-19.055344065857724,-79.73879492538232,,,,,
115,port alfred,za,-87.89601008474312,43.71531830847459,1557304261,100,92,64.99,5.01
116,grand river south east,mu,-20.105676868199907,76.11025560330438,,,,,
117,puerto ayora,ec,-27.5367301851048,-103.62045841589435,1557304485,28,89,77.11,8.41
118,buraydah,sa,27.095156657099594,44.54128884794255,1557302400,0,23,98.6,16.11
119,hithadhoo,mv,-13.630131869119708,78.05146379256144,1557304486,20,67,85.39,0.76
120,barrow,us,80.24517695975624,-147.80181415672303,1557304210,40,93,60.01,10.29
121,brae,gb,65.01107427988222,0.010305209600744547,1557301800,20,75,41,5.82
122,maneadero,mx,30.447473762617136,-118.0977109294919,1557303647,99,80,61,3
123,kamaishi,jp,37.37256791485363,147.64588258709944,1557302400,40,39,64.4,10.29
124,poum,nc,-22.5958199464758,161.37423319370686,1557304487,13,81,79.99,7.81
125,camara de lobos,pt,30.82403965642264,-17.273930851400053,1557304086,20,64,68,8.9
126,constitucion,mx,21.363944202956233,-114.32327116808818,1557304487,0,65,42.01,9.8
127,placetas,cu,22.385320737966097,-79.64843204058892,1557301860,20,88,69.8,1.12
128,arraial do cabo,br,-36.88546256177004,-21.87418891810151,1557304488,99,76,75.13,11.18
129,broome,au,-21.120704722370917,122.70108346414366,1557302400,9,17,91.4,8.05
130,flinders,au,-30.71150336043373,131.21838598329163,1557304446,20,44,61,19.46
131,miracema do tocantins,br,-9.618754890319707,-47.68112869862307,1557304488,0,75,72.79,1.72
132,la rioja,ar,-28.985421421475955,-68.13128366905514,1557304489,88,96,56.23,3.18
133,yangcun,cn,39.766970749869245,117.07993491912453,1557304489,73,64,65.41,3.47
134,araouane,ml,18.797226922452424,-1.8882544045651173,1557304489,0,3,92.59,13.76
135,onega,ru,65.27519935725067,37.879008813221276,1557304489,93,82,42.19,6.33
136,sao joao da barra,br,-33.28366738234415,-23.160831396486543,1557304490,4,97,68.47,3.13
137,saleaula,ws,-11.978711236718652,-172.4373852391188,,,,,
138,cidreira,br,-51.83593997560201,-27.656110114595037,1557304490,8,72,64.33,5.5
139,san cristobal,ec,-3.7635516996625995,-89.524488487074,1557304490,100,98,74.41,1.86
140,port hardy,ca,42.67323878024669,-139.64904342437427,1557302400,5,76,50,8.05
141,tuktoyaktuk,ca,85.54165175465039,-119.70050164757988,1557304490,80,90,17.89,4.5
142,alotau,pg,-11.088848051856814,149.5937933112541,,,,,
143,jalu,ly,23.26976463539023,23.343548328911112,1557304491,0,23,72.97,12.12
144,turukhansk,ru,65.35239296387502,90.35186803246347,1557304491,100,84,26.35,16.31
145,vaini,to,-48.35550206612345,-170.36679668206278,1557302400,75,100,71.6,6.93
146,san andres,co,14.378396980522467,-79.31883274250667,1557304491,99,87,78.19,2.39
147,fortuna,us,38.68071244241932,-126.40382333314234,1557304412,75,93,50,20.15
148,te anau,nz,-44.49192099238656,158.03488941066024,1557304492,55,97,48.49,3.42
149,siwani,in,28.945498233056114,75.75599779990063,,,,,
150,cave spring,us,37.15161733662288,-80.07854783931379,1557304445,20,93,61,3.36
151,aklavik,ca,68.28181923217804,-136.0959951249409,1557302400,20,85,17.6,9.17
152,muros,es,42.10847937366785,-16.49963276348339,1557304486,75,87,60.01,17.22
153,westport,ie,54.97717344897529,-14.051712424401046,1557304384,75,81,48.99,14.99
154,shubarshi,kz,47.23767126095066,56.78170369688735,1557304498,0,17,84.49,12.91
155,bredasdorp,za,-50.75067652300124,19.172450561834495,1557303365,100,55,66.2,4.7
156,oranjemund,na,-29.890280415830247,13.88285737709873,1557304499,0,85,59.29,2.71
157,castro,cl,-50.208419587057904,-103.62956565247218,1557302400,90,100,48.2,6.93
158,la asuncion,ve,12.053964009630846,-63.154184155759594,1557304499,69,85,78.73,16.28
159,kipit,ph,8.021745924946146,122.58102810526162,1557304499,46,66,85.93,7.63
160,lorengau,pg,0.07030475079785958,148.25414613076458,1557304500,100,92,76.21,2.53
161,sorong,id,1.2161569606556668,132.03549131568911,1557304500,15,76,83.05,3.96
162,san patricio,mx,0.2988829108006854,-115.1558179411931,1557304500,0,47,71.53,2.48
163,upernavik,gl,74.42328853775541,-60.163228326785855,1557304500,90,98,27.25,8.75
164,komsomolskiy,ru,70.1609363027716,172.3860329261027,1557304501,52,86,28.69,9.95
165,paranhos,br,-23.698742779553413,-55.43022403317555,1557304252,0,100,66.2,11.41
166,sataua,ws,-7.060893658935086,-173.4520834530594,,,,,
167,eydhafushi,mv,5.091735891841921,71.15209492957433,1557304501,30,69,85.57,9.44
168,sitka,us,52.691226930287684,-142.41380867221227,1557303360,100,99,55,11.99
169,fare,pf,-11.190513975561103,-147.67975619695594,1557304502,0,73,82.87,3.67
170,hammerfest,no,72.6791738170441,22.433191338754284,1557301800,0,74,41,38.03
171,sinkat,sd,20.63402654807706,35.0621856440811,,,,,
172,saint-augustin,ca,58.611805282154364,-61.67299930023934,1557304460,5,64,37.99,4.56
173,locri,it,37.593474889323105,16.774417123395693,1557304212,40,59,62.6,10.29
174,vaitupu,wf,4.130318191105744,-175.01613147457044,,,,,
175,yima,cn,34.91647081204272,111.66595508950968,1557304503,69,52,61.99,11.01
176,east london,za,-38.766059909662815,32.75136074171667,1557302400,40,68,69.8,5.82
177,cockburn town,tc,25.139461958219854,-67.12024811156952,1557304217,100,80,78.91,17.87
178,anito,ph,15.000784157119142,128.20383650335225,1557304503,100,87,83.23,1.16
179,butaritari,ki,25.548719522480695,171.01721122344009,1557304504,12,77,84.31,8.7
180,carnarvon,au,-23.349254057326647,109.39134492948546,1557302400,92,14,84.2,20.8
181,nizhneyansk,ru,84.10416021724598,139.82608576646766,,,,,
182,sovetskiy,ru,67.58682963954789,64.86084290786616,1557304504,0,49,72.43,5.97
183,victoria,sc,-5.4870595075419715,61.85399382663587,1557302400,40,74,87.8,10.29
184,gat,ly,23.124297285140003,10.401802763593224,,,,,
185,cayenne,gf,14.954867447103936,-45.045847379632164,1557302400,75,88,78.8,6.93
186,tasiilaq,gl,67.03817109507557,-31.860368630322,1557301800,69,86,30.2,18.34
187,bengkulu,id,-18.522066624814826,93.96757749285928,,,,,
188,hasaki,jp,33.84893319929796,148.5579848245494,1557303960,20,37,68,12.75
189,avarua,ck,-36.56901380222273,-160.5581284602115,1557302400,0,94,71.6,1.12
190,klaksvik,fo,74.53936447794149,-3.78256687829753,1557303600,64,64,39.2,10.29
191,klyuchi,ru,57.31364639164073,159.98093258791988,1557304506,32,18,81.07,7.43
192,moguer,es,37.3466209964738,-6.858913691813683,1557303434,26,78,64.99,5.99
193,pundaguitan,ph,5.828600351187873,127.80170247868347,1557304507,92,73,86.47,13.31
194,tsihombe,mg,-29.669997420139467,45.583432422321806,,,,,
195,kargil,in,34.37621213299212,75.99024983490372,1557304507,0,34,42.19,3.02
196,asau,tv,-11.33194516735091,177.04335256374173,,,,,
197,caravelas,br,-20.611584213132844,-24.55379423449932,1557304507,0,91,74.59,4.03
198,ribeira grande,pt,41.28721421430848,-30.537722379115593,1557302400,75,93,62.6,3.36
199,longyearbyen,sj,87.26877059510977,21.232223702607854,1557303600,40,67,19.4,23.04
200,provideniya,ru,50.65182302261758,-172.1534027369475,1557304513,0,72,25.27,14.92
201,yumen,cn,37.49822286263037,93.74331175870401,1557304513,98,20,65.95,18.03
202,kalevala,ru,65.04043785451793,30.870756714680624,1557304514,12,64,44.53,14.61
203,nefteyugansk,ru,60.66947757637345,72.83690688920288,1557302400,0,42,44.6,13.42
204,north platte,us,41.86703451287585,-100.53097580991223,1557304210,90,93,46.4,4.7
205,remontnoye,ru,46.40633496777281,43.41046204589583,1557302400,0,60,73.4,13.42
206,mount isa,au,-21.903127786242152,137.19585091924432,1557302400,0,20,77,11.41
207,tinaquillo,ve,9.819668575835337,-68.33015187526509,1557304515,94,98,67.93,2.35
208,saint-francois,gp,17.085500800513216,-59.39548178886254,1557302400,0,88,71.6,17.92
209,puerto leguizamo,co,-0.15362066660780727,-73.53777542862109,1557304515,100,98,71.89,2.39
210,haimen,cn,22.490802538832227,117.89824072112737,1557304470,63,39,73,10.76
211,oksfjord,no,74.13878823592052,21.260600170591488,1557304506,75,44,41,9.17
212,hervey bay,au,-23.175464622558792,154.9655480288954,1557304210,0,60,71.01,5.82
213,dukat,ru,64.52829174806237,154.74543543413063,1557304325,89,98,33.01,7.18
214,awjilah,ly,28.26839742897954,20.66572315195677,1557304516,0,24,72.61,11.61
215,oussouye,sn,11.492691005046993,-17.858181913407492,1557302400,0,88,75.2,6.93
216,georgetown,sh,-5.135816359873033,-5.4573736472285646,1557304517,65,81,80.53,17.52
217,sherghati,in,24.486293295195267,84.78632190955562,1557302400,0,17,109.4,14.99
218,elizabeth city,us,36.343780501949496,-76.25909898653839,1557304259,1,87,63,3.89
219,aksarka,ru,69.13032243790437,67.5542374372252,1557304517,97,92,31.03,5.57
220,velky tynec,cz,49.53461359389732,17.406521097116524,1557304511,0,54,62.01,3.36
221,codrington,ag,25.403171195943756,-52.645050352101535,,,,,
222,barra do corda,br,-6.033935344179369,-45.238052750754974,1557304518,100,85,74.05,1.88
223,olafsvik,is,66.35958582936021,-29.106085933028794,,,,,
224,araguaina,br,-7.124723606632529,-48.44497420612774,1557304518,76,84,70.27,2.3
225,tiksi,ru,89.91306095961849,125.95399246313093,1557304519,87,91,31.03,6.91
226,bom jesus,br,-8.936417600172277,-45.20583133298888,1557302400,75,94,75.2,3.36
227,assiniboia,ca,49.03791871201224,-105.14869552672668,1557304519,89,45,41.83,10.94
228,urumqi,cn,44.1688384183241,90.4403839548421,,,,,
229,togur,ru,60.235612717422185,82.63432141535134,1557304520,100,31,57.31,11.56
230,labuhan,id,-14.53954305259252,97.37893130546217,1557304520,14,52,92.41,1.81
231,bambous virieux,mu,-36.145799931187014,81.7025218726057,1557304446,75,69,82.4,14.99
232,mar del plata,ar,-56.37272403609779,-42.40880428793298,1557304520,98,84,44.35,7.27
233,jiwani,pk,25.28087805672577,61.547866891725135,1557304521,0,82,82.87,14.65
234,saint-pierre,pm,38.882763431822696,-55.70594077377443,1557302400,75,86,39.2,5.82
235,burnie,au,-44.86273455238827,141.16686438455855,1557304414,24,84,54,7.7
236,connersville,us,39.65135839365587,-85.20863479527848,1557304520,40,93,57.99,12.75
237,garowe,so,9.865853665876102,47.135594112995676,1557304521,38,32,91.69,7.18
238,bethel,us,62.55643040194195,-161.47945709783252,1557303120,90,81,44.6,18.34
239,katsuura,jp,20.121923663319066,145.83074096299777,1557302981,75,52,66.99,17.22
240,marystown,ca,43.596079028847015,-53.49369425602447,1557304523,100,91,38.95,1.81
241,yaan,cn,32.30715762233217,98.6647116112726,,,,,
242,verkhnevilyuysk,ru,61.579543898206424,120.1457053259893,1557304523,99,57,43.99,6.2
243,cabedelo,br,-5.071791944949581,-27.618904081072316,1557302400,75,100,75.2,3.36
244,namibe,ao,-13.033097599380284,9.642055889743318,1557298800,40,77,64.4,9.26
245,ngukurr,au,-18.791346594731323,133.21866743697598,,,,,
246,thompson,ca,72.36043053177303,-92.01472177138626,1557302400,90,73,32,5.82
247,presidencia roque saenz pena,ar,-26.124497973884708,-60.856788143244145,1557304524,64,98,69.91,4.45
248,lolua,tv,-7.252784493936758,172.86301715207884,,,,,
249,feodosiya,ua,45.10190816013221,35.35280304420988,1557304524,100,75,57.85,4.41
250,nago,jp,25.055582049456447,131.20989660724297,1557302400,90,65,78.8,11.41
251,south river,ca,45.79991295479698,-79.68648844630694,1557304408,90,100,36,6.93
252,khatanga,ru,71.4786392899025,107.47385836338736,1557304530,95,86,23.29,7.72
253,key biscayne,us,25.353249711945452,-79.95326912792599,1557304289,40,78,79,2.33
254,pakwach,ug,2.8332646022312957,31.32920669486802,,,,,
255,slave lake,ca,56.02858595463982,-114.4689417182263,1557302400,90,60,42.8,4.7
256,egvekinot,ru,66.01748774107605,-179.68922317894524,1557304531,6,96,11.41,11.63
257,nyzhnya duvanka,ua,49.725587069018644,38.31841039219299,1557304531,9,58,73.51,14
258,odessa,us,30.88830154174663,-102.27803451241071,1557303315,75,88,68,9.17
259,marzuq,ly,23.067214068390697,13.901283992562355,,,,,
260,sakakah,sa,27.279067893360164,40.946482220449184,,,,,
261,hirara,jp,21.46319664035684,126.86830647179767,1557302400,40,61,78.8,9.17
262,bahia de caraquez,ec,-0.18186107041714195,-81.11978588736791,1557302400,40,83,77,3.36
263,zinder,ne,14.172689790273395,9.314468347915863,1557302400,0,49,91.4,18.34
264,mareeba,au,-16.09073386863274,141.75205681131337,1557304518,75,69,75.2,12.75
265,kjollefjord,no,69.82320647916566,27.218528364232583,1557301800,75,69,39.2,19.46
266,tokur,ru,53.53482752403693,132.5068449787882,1557304533,8,37,48.31,11.36
267,leshukonskoye,ru,66.8669011486968,48.15320623133405,1557304533,13,58,65.23,10.51
268,geraldton,au,-30.715322484205103,101.92544431050828,1557302400,0,56,73.4,23.04
269,parkes,au,-33.300173225256486,148.32765213360847,1557303764,0,52,57.99,5.23
270,iqaluit,ca,58.98074261183356,-72.26445944290808,1557304362,90,92,33.8,2.24
271,panlaitan,ph,12.200024234843795,119.2633964408787,1557304534,29,72,86.47,9.33
272,agua verde,mx,22.483296116798925,-106.45225003372632,1557303315,5,93,73.99,1.88
273,jablah,sy,35.526470537477906,35.57732989601055,1557302400,40,64,68,11.41
274,abu dhabi,ae,23.549584793960236,53.220923900029646,1557302400,0,22,102.2,4.7
275,alice springs,au,-20.00769700482367,133.0810047483469,1557302400,0,26,69.8,10.29
276,bulgan,mn,47.937313158946296,101.89654941217901,1557304535,70,14,64.69,12.3
277,mogadishu,so,-0.5204291365095628,48.60727539511572,1557302400,75,66,87.8,10.29
278,iquitos,pe,-3.2773216551373707,-72.75014741522097,1557302400,75,94,77,1.7
279,mbini,gq,1.5145640717943962,7.448061442639528,1557304536,22,81,82.33,3.74
280,arenapolis,br,-13.826573238837014,-57.44106957016983,1557304536,100,85,72.07,1.81
281,tahe,cn,52.03851887675765,125.22494847100148,1557304353,100,79,42.55,4.79
282,zabol,ir,30.830625248761734,59.67494229577338,1557302400,0,18,96.8,9.17
283,kichera,ru,56.950686612505535,110.17625885078235,1557304536,72,85,39.31,9.28
284,canavieiras,br,-14.999965784716778,-36.49708719978727,1557304524,11,93,74.23,4.27
285,luderitz,na,-28.694813147274246,6.587741585645091,1557302400,0,49,69.8,6.93
286,bayangol,ru,51.04591689429009,103.61117151703024,1557304537,82,13,57.31,18.12
287,henties bay,na,-23.028659898934905,4.587538700261064,1557304537,0,75,60.55,12.3
288,dicabisagan,ph,17.49845753512099,123.76314843584748,1557304537,99,72,85.39,4.97
289,norman wells,ca,71.2535348725263,-123.32677440199328,1557302400,20,80,35.6,8.05
290,faya,td,17.67023647651166,22.602094052001462,,,,,
291,warqla,dz,31.993103203024504,4.653585072133325,,,,,
292,hare bay,ca,50.35323480045341,-53.25666299382134,1557304363,90,94,33.01,4.7
293,langsa,id,5.434974450784992,98.45693499958116,1557304538,100,87,79.45,1.16
294,formoso do araguaia,br,-9.932822448173965,-52.08264138456357,,,,,
295,kruisfontein,za,-89.25596329425764,30.160839627567896,1557304539,100,94,59.83,11.03
296,carutapera,br,7.929082357140075,-41.23006342818826,1557304539,100,92,76.75,4.05
297,hamilton,bm,35.10183407618004,-67.18354054226447,1557302880,75,88,66.2,3.36
298,meulaboh,id,-6.574262930946702,87.42663150999999,1557304539,100,75,83.41,11.23
299,visby,se,56.80643684217361,17.67484469010111,1557302894,20,61,51.01,13.87
300,tura,ru,63.96085432233565,102.28704920175448,1557304545,100,88,34.09,15.19
301,kez,ru,58.16501103415325,53.66928732730443,1557304545,7,54,70.99,3.4
302,wonthaggi,au,-39.02311343661793,145.29943712174372,1557304504,6,79,57,11.01
303,lock haven,us,41.09945862702489,-77.63185138941563,1557304249,90,81,55.4,3.36
304,sentyabrskiy,ru,32.976298067034804,160.39300597680972,,,,,
305,puerto cortes,cr,9.072339158612351,-83.65087378801427,,,,,
306,sao filipe,cv,5.7616958045855995,-25.03453182058243,1557304546,0,80,73.69,21.12
307,nanortalik,gl,55.30928905479041,-42.38067353774156,1557304546,84,89,36.79,1.57
308,baykit,ru,62.58405976588949,98.56223154241832,1557304546,99,65,30.85,14.52
309,saskylakh,ru,80.5890592898071,113.47951799613082,1557304547,98,89,27.79,5.35
310,amarpur,in,23.52503526692925,91.65564354724432,1557302400,40,63,95,4.7
311,camopi,gf,2.8128206418471393,-52.97549290984263,1557304547,100,99,72.61,1.48
312,tumannyy,ru,88.50748311049483,40.96488767312667,,,,,
313,gangapur,in,26.215438871831054,76.85301310283353,1557298800,0,19,98.6,9.17
314,uusikaupunki,fi,60.938493304038275,20.545290456130374,1557301800,0,45,46.4,19.46
315,muyezerskiy,ru,64.07878345180157,32.54596984871719,1557304548,10,65,44.53,13.67
316,omboue,ga,-2.1265874225181847,9.434887630683676,1557304514,98,82,81.97,5.44
317,pathein,mm,16.436789455629025,90.5982808970889,1557304462,69,69,87.91,11.72
318,dingle,ie,52.16712155000596,-13.46956672922309,1557302400,90,87,48.2,9.17
319,sokoni,tz,-6.693069833562859,41.278508909027636,,,,,
320,mandiana,gn,10.338685745284934,-8.818242765177132,1557304549,100,63,85.39,8.03
321,vyborg,ru,60.63278151185489,28.714873359206337,1557304505,75,57,52,10.29
322,los llanos de aridane,es,27.411693350059224,-24.84885842967884,1557304291,90,68,68,9.17
323,otradnoye,ru,45.559842674819976,145.4801374807908,1557304538,40,53,50,4.47
324,zalantun,cn,49.24210605115866,122.51919383096032,1557304550,5,19,60.37,16.84
325,narsaq,gl,87.88068870961365,-61.59006997765931,1557301800,75,79,39.2,3.36
326,chadan,ru,51.56559217734173,91.53129545870291,1557304550,55,14,73.51,8.25
327,santa maria,cv,21.659329566200938,-22.148417706265434,1557302400,75,83,71.6,12.75
328,vestbygda,no,57.43030875687248,6.426237847491507,,,,,
329,calbuco,cl,-42.967478558453955,-72.19255709269706,1557302400,90,100,46.4,3.36
330,cururupu,br,6.7865922491473185,-40.65132038691311,1557304551,95,99,73.51,1.14
331,mormugao,in,14.234675218168363,71.30216557628916,,,,,
332,mehamn,no,79.4955872028589,27.780894652381846,1557301800,90,93,39.2,39.15
333,roald,no,67.72171419135233,3.63837140928365,1557304502,75,60,42.01,10.29
334,paraiso,mx,19.552391059174937,-93.18898888684079,1557304552,0,65,42.01,9.8
335,pontianak,id,-0.829195163834882,110.06215737643834,1557300600,75,56,93.2,6.93
336,esna,eg,25.317890684865574,32.17103142808102,,,,,
337,fukue,jp,32.88646507657569,128.1126275907228,1557304444,75,37,66.99,10.29
338,sanchazi,cn,42.13392157253725,126.42694850719619,1557304535,40,60,73.99,2.24
339,kahului,us,29.165178408740942,-148.8537031645977,1557304337,20,73,69.8,4.14
340,vuyyuru,in,16.31688871964944,80.71453122187819,1557302400,20,40,105.8,3.36
341,salinopolis,br,3.992089599690658,-45.28677631564656,1557304553,100,81,81.43,10.38
342,kemlya,ru,54.70159461289791,45.910430785226055,1557304553,0,47,74.77,4.76
343,kropotkin,ru,57.79267600715082,116.24515068580308,1557304553,2,60,75.85,7.9
344,gornopravdinsk,ru,63.367724363744856,69.48673944118985,1557304554,96,50,62.53,10.11
345,pacific grove,us,27.958825600666543,-131.65310556523394,1557304537,90,76,57.99,4.7
346,villa maria,ar,-31.721038911752657,-63.3153301305059,1557304554,94,93,57.85,7.14
347,bairnsdale,au,-37.35832162650185,147.32702887338195,1557304295,12,75,57,3
348,minbu,mm,19.608037513219386,93.9539726920492,1557304555,59,22,102.31,7.43
349,lata,sb,-7.605565676410649,168.05264436579535,,,,,
350,umzimvubu,za,-47.91168565316731,42.835328891726846,,,,,
351,cap malheureux,mu,-16.98805034320391,56.160237318085905,1557304446,75,69,82.4,14.99
352,ansalta,ru,42.76149943497518,46.152880278372464,1557304560,61,48,73.33,6.76
353,inhambane,mz,-25.419979020583554,36.15390974564784,1557302400,75,58,82.4,9.17
354,huambo,ao,-13.031948268172968,16.168211391199918,1557298800,0,37,69.8,7.09
355,ketchikan,us,50.85268522515523,-134.83210717858603,1557303480,90,100,48.2,3.36
356,biloela,au,-24.19249895024288,150.14331590427867,1557304561,0,37,67.39,7.94
357,vestmannaeyjar,is,54.068999593993766,-22.27279606068535,1557302400,0,60,37.4,12.75
358,monrovia,lr,1.8793103054585458,-13.507417075510517,1557302400,75,88,80.6,5.82
359,campbellsville,us,36.99023859832478,-85.23413613165282,1557304503,1,93,60.01,4.09
360,tabiauea,ki,-0.7792088965210553,166.2863225150902,,,,,
361,camacha,pt,38.47340000078222,-15.664358491979641,1557302875,40,82,68,6.93
362,vila franca do campo,pt,45.24313865782119,-20.58203890756411,1557302400,75,100,62.6,16.11
363,chagda,ru,58.20381222928535,132.02482227480698,,,,,
364,ostrovnoy,ru,78.96219225566736,41.35899104747864,1557304563,100,97,40.57,20.92
365,mutis,co,5.7478035268931364,-79.02907572074307,1557304563,94,79,81.97,5.48
366,thinadhoo,mv,0.8007532835360536,71.89312301312768,1557304470,17,66,85.21,5.3
367,bud,no,69.8455464509018,5.03748746549428,1557304267,75,60,42.01,10.29
368,ye,mm,15.122474076382375,98.4914669679913,,,,,
369,mocambique,mz,-14.957579081757643,41.879322234809564,,,,,
370,challans,fr,46.30663644201033,-2.239901915121436,1557304559,90,76,59,13.87
371,bitung,id,1.1532443055186974,126.0146376075486,1557302400,20,52,91.4,5.82
372,roberto payan,co,1.7362914167947139,-78.22810098358072,,,,,
373,novokizhinginsk,ru,51.37774967419233,109.62246172362569,1557304565,100,39,58.75,14.16
374,ambon,id,-6.40259011016731,129.36374038851363,1557302400,40,62,87.8,8.05
375,tandil,ar,-37.06178990832212,-58.58099968763959,1557304170,81,96,52,6.17
376,hami,cn,42.05641221600513,91.1998986436596,1557304565,92,32,64.87,3.24
377,aketi,cd,3.135352268209715,23.732165936167917,1557304566,100,58,85.03,3.31
378,neuquen,ar,-38.71733213883654,-68.12744174334989,1557302400,90,100,50,3.36
379,katha,mm,24.70429450490063,95.53707226945426,,,,,
380,nsanje,mw,-17.918591458022135,34.51544470396675,1557304566,70,59,80.89,3.91
381,adrar,dz,26.607319328753633,-3.8092137050444705,1557302400,0,13,84.2,9.17
382,parvatsar,in,26.78039939359742,74.74730222781648,1557304567,0,10,106.27,15.55
383,teluknaga,id,-5.647246584530535,106.51311185065612,1557304509,40,59,89.6,6.93
384,foumban,cm,5.514604397279058,11.068141154659884,1557304567,94,58,79.27,0.78
385,dawei,mm,13.900250371907475,97.87585263112311,1557304567,100,75,86.83,14.07
386,khuzhir,ru,53.00035626471839,106.97102481655133,1557304568,100,76,47.59,12.1
387,metro,id,-3.876174343008117,105.69372759365052,1557304568,64,64,88.63,4.18
388,ancud,cl,-39.9078711501809,-104.43765249844881,1557302400,90,100,48.2,6.93
389,englehart,ca,47.96801668601063,-79.54418783038074,1557302400,1,92,28.4,3.36
390,nishihara,jp,21.87954456353735,134.37767207853057,1557304512,40,37,72,16.11
391,jilib,so,0.4682695178042451,43.14925598101365,1557304569,81,56,91.33,7.58
392,honiara,sb,-12.669721799643312,157.63634172674074,1557302400,75,88,80.6,4.7
393,otofuke,jp,43.03434393445389,142.75069494149926,1557302400,20,58,53.6,4.7
394,mansfield,us,40.61309020228728,-82.34220103258082,1557304288,90,81,46.4,3.36
395,tarudant,ma,27.663534700064375,-5.425656096303015,,,,,
396,sturgeon falls,ca,46.14288164312171,-79.95824838037147,1557303916,1,79,32,6.93
397,beyneu,kz,44.98553959856707,54.85783185622637,1557304570,13,16,90.61,9.64
398,nhulunbuy,au,-10.368690136164986,136.89245408659787,1557302400,100,51,82.4,10.29
399,raudeberg,no,66.96330231045903,2.045893737267278,1557304502,40,63,41,11.41
400,nemuro,jp,39.076591510139735,146.2978280915645,1557302400,20,57,50,8.05
401,skagastrond,is,68.09025996489169,-19.80630243377979,,,,,
402,saldanha,za,-48.288440857951045,-10.873559651328293,1557298800,54,93,57.2,11.41
403,ajaccio,fr,42.2785221617583,7.547431702080473,1557302400,0,48,64.4,3.36
404,tenosique,mx,17.61901642783829,-91.53825074137275,,,,,
405,datia,in,25.73286336194606,78.43865184732704,1557304577,0,8,108.79,14.83
406,faanui,pf,-12.090519259298887,-154.7775761180627,1557304577,15,72,83.23,4.72
407,bonthe,sl,2.7488260610791,-16.57828096833134,1557304577,76,74,85.21,5.17
408,amga,ru,60.708783888944424,132.12513654668237,1557304577,100,64,45.61,6.13
409,meadow lake,ca,57.521874768787086,-108.0281871055433,1557304578,10,62,29.23,2.26
410,salalah,om,15.12383167929005,55.2335000602601,1557301800,20,66,87.8,16.11
411,mabaruma,gy,9.645961953400146,-59.36961205758243,1557304578,49,99,73.33,2.17
412,airai,pw,18.90988480638623,146.1193106811479,,,,,
413,kokoda,pg,-8.922383403880062,147.3241017976298,1557304578,62,97,60.91,1.77
414,tapiramuta,br,-11.993835100516364,-40.85021742952705,1557304579,98,95,67.93,0.4
415,chokurdakh,ru,76.4743510882264,149.64046891715003,1557304579,85,92,24.37,5.86
416,eenhana,na,-18.094348366977812,17.215144979526258,1557302400,0,26,78.8,5.82
417,launceston,au,-41.236197600349065,150.0889007850638,1557304284,90,82,57,11.41
418,goderich,sl,1.6393530606334963,-20.61754062322359,,,,,
419,kindia,gn,9.972924545761813,-12.623564864493545,1557304580,78,65,83.77,3.09
420,damietta,eg,32.37714804369091,31.45365278167708,1557302400,20,60,69.8,9.17
421,mariental,na,-24.558395697927452,17.759042717690818,1557302400,0,33,71.6,2.24
422,abonnema,ng,2.301930047634187,5.685452949839259,1557302400,20,79,86,3.36
423,margate,za,-38.24473804213499,39.45658285617242,1557304581,93,44,74.59,3.22
424,mounana,ga,-1.2057993261753666,13.224016147039237,1557302400,40,74,80.6,4.7
425,mwingi,ke,-0.6169027590492959,38.1539568512888,1557304581,74,65,78.01,9.53
426,dongsheng,cn,39.67745519239486,110.46048434985732,1557304581,0,33,76.03,1.16
427,lebanon,us,37.570608748466185,-92.96286693183814,1557304312,90,93,45,5.82
428,urbino,it,43.735075870874084,12.549169657325706,1557304563,0,52,66,10.29
429,abha,sa,19.55411139377793,40.94640757716164,1557302400,20,21,84.2,8.05
430,haibowan,cn,40.519373577654534,105.69851614108438,,,,,
431,teeli,ru,51.62774439140088,90.06083912303467,1557304583,20,13,64.33,7.07
432,payo,ph,15.472166458495423,126.36885417920973,,,,,
433,college,us,69.37297469012509,-149.9384464019195,1557304551,20,46,59,3.36
434,mandurah,au,-32.07548673826451,113.73750398445515,1557304485,0,49,75,9.17
435,qingdao,cn,35.33526555838036,121.90146950212164,1557303696,0,35,73,13.42
436,jacmel,ht,17.06524615879036,-72.7192233127402,1557304517,18,89,77,3.85
437,linqiong,cn,31.13684146878063,102.49782734142065,1557304484,40,60,73.99,2.24
438,snyder,us,33.717622674348505,-100.36540720977393,1557304504,75,77,66.99,6.93
439,samusu,ws,-5.209251648736725,-166.20843035493263,,,,,
440,leh,in,36.374236968918154,79.15034504462795,1557304584,3,38,31.39,2.08
441,menemen,tr,38.64174066571118,27.237603143721714,1557301800,40,59,64.4,5.82
442,pattao,ph,18.160700379579254,121.81348925007967,1557304585,80,83,82.33,9.6
443,sibolga,id,1.0705150513941248,97.62217510255965,1557304585,100,73,84.31,9.55
444,lompoc,us,24.922901248437114,-131.75100404779968,1557304217,90,76,57.2,4.7
445,padang,id,-9.060607276451933,89.88553535233683,1557304586,17,72,83.59,2.1
446,luoyang,cn,34.25862442624776,112.6006545197265,1557304586,13,42,68.83,11.27
447,solano,co,0.377541492133858,-74.97815509846514,1557304586,94,93,70.81,2.24
448,manta,ec,-0.2936038219494179,-81.96409903205623,1557302400,40,83,77,3.36
449,caxias,br,-5.106347277238157,-43.20227700599639,1557302400,40,94,77,0.76
450,ossora,ru,59.95749785288902,162.0863308975347,1557304384,0,67,40.03,1.48
451,miyako,jp,39.744444166081564,141.91947618995317,1557304556,0,52,73.99,3.36
452,mubi,ng,10.104231886098447,12.833470246848236,1557304592,62,36,95.83,7.54
453,halalo,wf,-16.481813205579726,-178.4034785666083,,,,,
454,jelenia gora,pl,50.88589785650308,15.639344927159158,1557304325,38,62,55.99,8.93
455,zaltan,ly,33.10780444230369,11.843795221870522,1557304593,0,33,75.49,11.16
456,praia da vitoria,pt,45.077028149038455,-24.372473151249267,1557303390,75,100,59,16.44
457,ellsworth,us,44.202127974629576,-68.53061659335089,1557304592,90,93,60.8,23.04
458,campbell river,ca,50.80244124895191,-125.053414397242,1557304204,20,66,53.6,14.99
459,portland,au,-41.10027430688328,141.82764606814914,1557304446,0,72,46,14
460,miraflores,co,1.5578673087244255,-71.50115353406534,1557304594,97,94,54.43,2.24
461,port blair,in,10.107179317563862,91.37360524455602,1557304594,52,77,85.75,17.49
462,noumea,nc,-23.969510122429583,164.63334433579718,1557302400,0,69,78.8,6.93
463,hobyo,so,4.716109712157902,46.99147959468158,1557304595,78,51,90.61,11.86
464,houma,us,27.437931504677863,-91.05677267776174,1557304562,75,94,75.99,9.17
465,maceio,br,-13.505841883409587,-31.243608255769402,1557302400,20,88,73.4,2.24
466,troitskoye,ru,49.55170034285274,136.19576160817059,1557304595,96,22,78.01,8.03
467,dengzhou,cn,33.17543111044522,111.77259334567981,1557304595,43,34,76.75,6.76
468,buqayq,sa,25.04287622591157,49.25477265108799,,,,,
469,la ronge,ca,57.021575909846916,-105.22845154826219,1557302400,5,100,23,3.36
470,tadine,nc,-22.04538798730168,168.0905249109149,1557304596,100,85,77.11,17.27
471,vyartsilya,ru,62.821069668792944,30.50974893881113,1557304507,37,55,46.87,11.03
472,konakovo,ru,57.18924484444159,36.86883543283872,1557304596,100,94,51.37,8.99
473,santa vitoria do palmar,br,-35.59531354063525,-49.94893332777622,1557304379,100,79,59.65,4.03
474,nakhon thai,th,16.755151399356706,100.81002712567806,1557302400,75,59,98.6,6.93
475,haines junction,ca,56.732585069940484,-143.47750303675522,1557304597,76,74,39.49,9.86
476,saint-louis,re,-24.0387372597243,52.89153827483696,1557303914,0,58,84.2,25.28
477,muli,mv,2.0812397572481984,75.72140463947395,1557304597,35,69,85.39,7.92
478,srednekolymsk,ru,69.62200974351862,155.0472698022167,1557304598,4,88,33.55,4.72
479,krasnoselkup,ru,67.1068553365156,83.99568721234925,,,,,
480,ilovlya,ru,49.477274067027395,44.2393537625108,1557302400,0,38,75.2,17.9
481,lavrentiya,ru,69.79745584585115,-169.7505756852463,1557304598,53,98,17.89,8.81
482,grindavik,is,56.13478902717421,-27.672090544625433,1557302400,40,69,41,3.36
483,yeniseysk,ru,59.58991773382186,91.41175611304504,1557304384,13,42,46.69,13.6
484,sao jose da coroa grande,br,-12.290913299847801,-27.8953760835615,1557304599,100,84,73.87,3.51
485,eucaliptus,bo,-18.304157796136806,-68.18657081712126,1557304599,7,71,44.71,3.38
486,merauke,id,-8.25980530195757,137.95312907277366,1557304599,0,76,83.95,20.76
487,chara,ru,56.27630855760199,118.13361595534775,1557304599,74,45,30.67,6.78
488,sandnessjoen,no,66.04476737903147,12.71119161903863,1557304217,75,75,46.4,13.87
489,polovinnoye,ru,53.553682727534294,65.89191477284777,1557304600,0,20,82.69,12.77
490,bandipur,in,34.67745489868828,74.62673031864716,1557304600,100,88,71.35,4.16
491,bilibino,ru,72.3029510234164,166.7183146957952,1557304600,98,96,28.33,4.54
492,dzilam gonzalez,mx,22.21880216343837,-88.87092426252471,1557304601,0,83,78.55,15.59
493,opuwo,na,-18.66209457887983,13.986181417657036,1557304601,0,20,84.13,6.24
494,terrace,ca,57.268093032011876,-129.34443654854795,1557302400,90,71,51.8,5.82
495,kavaratti,in,12.1371944368465,65.49534927632271,1557304601,0,57,85.75,10.33
496,mosjoen,no,65.57940472413304,13.100747945843437,1557304217,75,56,46.4,2.24
497,kyren,ru,52.14225971276218,101.71732426502939,1557304602,100,38,46.15,19.66
498,alegrete,br,-29.453857494332468,-55.856905938818144,1557304602,95,83,57.13,12.73
499,kastamonu,tr,41.35672792619121,33.695858068070635,1557301800,75,93,44.6,6.93
500,oranjestad,aw,12.793188670789633,-71.14019279385387,1557302400,40,83,80.6,19.46
501,jaisalmer,in,26.89854817007611,71.30112321124446,1557304607,0,13,107.71,15.7
502,saint-joseph,re,-31.0746922575199,56.67970899702999,1557303914,0,58,84.2,25.28
503,cassilandia,br,-19.039352742275256,-51.8670488359069,1557304608,0,92,68.83,4.41
504,lashio,mm,22.772696176458382,98.43463878964292,1557304608,16,11,100.51,6.58
505,ust-maya,ru,60.1265998818979,134.0804626847572,1557304608,100,80,43.63,5.1
506,veraval,in,18.252011844897552,67.94388512969456,1557304609,0,81,82.51,13.96
507,palm coast,us,30.120950038007763,-79.8795969194657,1557304548,75,88,75.99,2.53
508,wamba,cd,1.9546739002389586,27.474450299475308,1557304609,100,71,80.89,3.78
509,balotra,in,25.6409618667944,71.84970077327719,1557304609,0,11,106.99,16.87
510,jiaohe,cn,43.87350884258876,127.15363745831144,1557304610,98,32,66.13,9.31
511,burica,pa,5.858518402248279,-85.03872967179633,,,,,
512,rio grande,br,-37.58033219397084,-46.066207408773295,1557304610,100,79,62.53,2.91
513,nizwa,om,22.18766939537484,57.88756220559796,1557304610,0,10,93.67,6.78
514,husavik,is,73.42570473327987,-10.959987411765894,1557302400,75,59,33.8,9.17
515,natal,br,-1.8640394237337006,-25.474023883856432,1557302400,75,94,75.2,3.36
516,attawapiskat,ca,61.03318225232201,-79.58711280959955,,,,,
517,penzance,gb,49.99605526278407,-5.547930656338764,1557303485,40,93,55.99,20.8
518,skelleftea,se,64.67105647276392,21.51639957375488,1557304081,75,70,43,10.29
519,tessalit,ml,20.11642205200495,3.189124337048213,1557304611,0,7,92.05,10.02
520,havoysund,no,72.13163020343413,24.101739700708833,1557301800,75,69,39.2,19.46
521,manokwari,id,2.760146874141199,134.31063042196303,1557304612,53,82,77.29,5.26
522,riyadh,sa,24.419167859847462,46.90034665376854,1557302400,0,12,100.4,4.7
523,leningradskiy,ru,72.98102540631578,176.10420947191506,1557304612,38,92,18.61,7.74
524,bafoussam,cm,5.409747288915895,10.435014655488914,1557304612,100,61,75.85,2.37
525,yangjiang,cn,21.50130027558899,112.61733949944659,1557304393,100,83,71.01,4
526,kawana waters,au,-25.72675331057205,157.58451074275553,,,,,
527,dyakonovo,ru,51.60082584008208,35.879625652102845,,,,,
528,dzhebariki-khaya,ru,61.88952280392817,136.16822040957834,1557304613,100,79,42.55,3.89
529,matara,lk,0.4085858023393314,81.17690353752971,1557304517,39,59,89.17,12.75
530,ilanskiy,ru,56.27431564611135,96.18828627024305,1557304383,100,38,58.75,20.27
531,port hedland,au,-24.91053314397577,121.16928095874226,1557302400,0,17,91.4,13.87
532,san juan,us,23.50389384807127,-65.98930890498384,1557304234,90,83,80.6,12.75
533,walvis bay,na,-24.921060254908582,9.727449578966514,1557302400,0,93,53.6,3.36
534,wolfenbuttel,de,52.16998797683897,10.477884075327552,1557304569,0,54,60.01,9.17
535,rock springs,us,40.993804423046925,-108.78293342270683,1557302940,90,74,33.8,14.99
536,waipawa,nz,-44.00933748813934,177.96007400005635,1557303676,99,82,54,1.52
537,the valley,ai,21.10936653530939,-62.65945479725936,1557303315,40,74,78.8,11.41
538,zlatoustovsk,ru,53.18112067358953,133.63503582606455,,,,,
539,singaraja,id,-7.397448226380703,115.97707403038288,1557304485,12,62,86.83,5.44
540,sorvag,fo,62.88656412019637,-9.927125058335491,,,,,
541,san jose,gt,17.216627867757737,-89.86220863070265,1557304615,99,86,74.95,3.6
542,waingapu,id,-13.614817391862871,120.09781634863049,1557304616,100,75,79.63,8.99
543,schwalmtal,de,51.247520860623126,6.23621761524592,1557304597,75,66,54,2.24
544,kurumkan,ru,55.067649435673474,110.10372283251093,1557304616,100,99,34.27,10.51
545,vardo,no,82.82428746521092,34.81420947964105,1557301800,75,93,35.6,17.22
546,dolores,gt,16.502541210878732,-89.56440623105574,1557302400,40,88,75.2,6.93
547,santarem,br,-3.79228763228231,-54.61162385341858,,,,,
548,neryungri,ru,56.845303421615824,123.40043020485894,1557304617,86,51,40.75,4.54
549,handan,cn,36.527429572140804,114.67031839825353,1557304617,97,22,70.99,3.69
550,ginir,et,6.024655507723011,41.39331222337731,1557304622,53,60,73.69,6.17
551,arica,cl,-18.468325956009807,-70.49182887502059,1557302400,75,68,66.2,3.36
552,karaton,kz,45.2726248781687,53.68836785324547,,,,,
553,trelew,ar,-44.655558350273196,-66.02613492104136,1557304623,0,72,49.57,4.59
554,chernyshevskiy,ru,62.29695394947822,110.90044725274743,1557304623,99,57,38.41,6.15
555,hovd,mn,44.743905882446256,100.04717448767792,1557304624,0,16,59.11,7.2
556,birjand,ir,33.83774625941264,58.83881867065355,1557302400,40,10,84.2,13.87
557,igrim,ru,64.12532019541425,62.69551691892977,1557304328,16,36,51.91,9.1
558,houston,ca,54.610092269104626,-126.25452656475717,1557302400,90,57,51.8,9.17
559,pechenga,ru,70.05577719857953,32.304022132012506,1557304385,8,39,76.21,9.31
560,saint anthony,ca,55.815651013349054,-52.012294340877446,,,,,
561,lillooet,ca,51.13720718648105,-122.19784250793339,1557302400,90,48,62.6,4.7
562,xining,cn,36.136169755576475,98.78483542483986,1557304625,90,35,50.29,7.63
563,pisco,pe,-25.14576767116644,-94.60689219987601,1557302454,90,100,66.99,6.93
564,porto novo,cv,15.779954699490432,-29.459271728342742,1557302400,40,78,71.6,23.04
565,edd,er,13.711919115281717,41.6717112647259,1557304626,0,16,105.37,8.77
566,clyde river,ca,71.71675714151215,-74.23444176239441,1557302400,40,92,17.6,0.89
567,tarnow,pl,49.92839748299528,21.180098792837327,1557304592,0,50,61,6.49
568,mandvi,in,21.393837926408224,73.31450251736928,1557302400,40,55,91.4,10.29
569,ulety,ru,50.982682472937455,112.42013833081165,1557304627,100,65,47.23,14.92
570,baghdad,iq,30.67282258768826,43.1108473215333,1557302400,40,28,84.2,13.87
571,ekhabi,ru,53.339084215078486,145.35929235083142,1557304627,100,92,34.09,14.5
572,tazmalt,dz,35.71471356246849,5.239671355489833,1557302400,0,60,75.2,11.41
573,aykhal,ru,66.91817542212456,110.85376588323027,1557302400,0,37,35.6,2.24
574,west des moines,us,41.42159158729896,-93.92909926331684,1557304607,90,93,50,14.99
575,belmonte,br,-18.056398219333985,-27.197482908917692,1557304628,12,99,62.35,1.48
576,mahon,es,40.255803176659384,5.243899139707736,,,,,
577,alyangula,au,-16.03781439964135,138.5738357434309,1557302400,100,58,82.4,8.05
578,boa vista,br,3.4017084229572276,-61.607630859947406,1557302400,0,88,77,4.7
579,alenquer,br,0.16941086305421038,-54.35204762119706,1557302400,75,100,77,11.41
580,sturgis,us,44.641600339327226,-103.4442655676057,1557304586,90,100,39,6.93
581,basarabeasca,md,46.550009504228484,29.03225227873392,1557302400,90,81,48.2,16.11
582,yulara,au,-24.109112315671936,127.96686141276058,1557302400,0,26,73.4,9.17
583,zwedru,lr,5.454969744535276,-8.980870241182004,1557304630,98,84,80.17,3.47
584,cankuzo,bi,-3.1853764725983638,30.738128035355402,1557304631,89,79,69.55,5.08
585,quepos,cr,8.243420145086972,-84.85009586395853,1557304504,0,83,71.6,6.93
586,barbar,sd,17.33720739710951,34.764323024528295,,,,,
587,kaka,tm,37.434273071552866,60.43600817064993,1557304631,17,8,95.29,7.14
588,atar,mr,21.012688623132476,-14.805854661415935,1557304631,82,9,93.31,10.18
589,bonnyville,ca,55.15698194667115,-110.83941943851067,1557302400,90,41,41,6.93
590,buala,sb,-6.330993132499614,159.876222191902,1557304632,100,74,82.87,8.55
591,brigantine,us,38.16646934001099,-72.64754900469345,1557304625,90,100,60.8,3.36
592,almenara,br,-16.377434583179692,-40.715652423496124,1557304632,1,99,64.15,1.66
593,urucui,br,-7.09293351468358,-44.9307370157708,1557304625,94,82,71.53,1.54
594,harsewinkel,de,51.94899162954698,8.245393129198249,1557304624,0,57,54,5.82
595,mana,gf,11.062813475628673,-52.493847361092335,1557304633,69,97,74.05,2.01
596,tuburan,ph,6.254629532766444,122.59723416442523,1557302400,75,66,89.6,5.82
597,tumarbong,ph,10.324959554034933,119.53169245646944,1557304633,100,74,85.93,12.64
598,morehead,pg,-7.695684686348514,141.8484702609686,1557304634,2,83,78.19,4.79
599,alexandria,ca,45.37092928089049,-74.63841296594792,1557304503,1,60,39.2,4.7
600,christchurch,nz,-45.735070241686905,176.15501014168228,1557304042,99,93,57.99,6.93
601,ko samui,th,9.890892258596068,99.88654152156715,1557302400,20,56,93.2,10.29
602,harper,lr,-2.20411717051077,-8.354984558875287,1557304639,69,75,84.85,0.13
603,bima,id,-9.183805301639879,118.60457869838706,1557304640,55,74,78.91,4.25
604,kaele,cm,9.692461142716681,14.515037843684524,1557304640,99,34,98.17,11.3
605,grand-santi,gf,2.629516783699472,-56.39020873859637,1557304640,95,99,72.79,2.06
606,tomatlan,mx,18.184617975067837,-107.64353021887524,1557304640,0,44,76.57,9.6
607,pozo colorado,py,-24.9702572829776,-59.60841807737606,1557304640,92,96,71.89,1.28
608,santa fe,ar,-31.314701173909185,-60.5578163487333,1557304587,100,91,60.01,7
